Title,Authors,Contributors,ISBN/UID,Format,Read Status,Date Added,Last Date Read,Dates Read,Read Count,Moods,Pace,Character- or Plot-Driven?,Strong Character Development?,Loveable Characters?,Diverse Characters?,Flawed Characters?,Star Rating,Review,Content Warnings,Content Warning Description,Tags,Owned?
Sex and Rage,Eve Babitz,"",9781619029354,paperback,to-read,2025/01/14,"","",0,"",,,,,,,,,"",,"",No
The Sixth Extinction: An Unnatural History,Elizabeth Kolbert,"",9780805092998,hardcover,to-read,2024/06/17,"","",0,"",,,,,,,,,"",,"",No
Heartwood,Amity Gaige,"",9781668063606,hardcover,to-read,2026/01/09,"","",0,"",,,,,,,,,"",,"",No
Self-Portrait with Boy,Rachel Lyon,"",9781501169588,hardcover,to-read,2026/03/26,"","",0,"",,,,,,,,,"",,"",No
The Astonishing Color of After,Emily X.R. Pan,"",9780316463997,hardcover,to-read,2024/08/30,"","",0,"",,,,,,,,,"",,"",No
Among Friends,Hal Ebbott,"",9780593854198,hardcover,to-read,2026/02/01,"","",0,"",,,,,,,,,"",,botm,Yes
On Bullshit,Harry G. Frankfurt,"",9780691122946,hardcover,to-read,2024/12/24,"","",0,"",,,,,,,,,"",,"",No
The Hunger Games,Suzanne Collins,"",9780439023481,hardcover,read,2026/01/07,"","",1,"",,"","","","","",5.0,"","","","",No
Ice,Anna Kavan,"",9780720612684,paperback,to-read,2026/03/06,"","",0,"",,,,,,,,,"",,"",No
Parable of the Sower,Octavia E. Butler,"",9780446675505,paperback,to-read,2022/09/19,"","",0,"",,,,,,,,,"",,"",No
Shutter Island,Dennis Lehane,"",9780380731862,paperback,to-read,2025/11/21,"","",0,"",,,,,,,,,"",,"",No
Please Report Your Bug Here,Josh Riedel,"",9781250813794,hardcover,to-read,2023/11/13,"","",0,"",,,,,,,,,"",,"",No
Fahrenheit 451,Ray Bradbury,"",9781451673319,paperback,to-read,2023/12/23,"","",0,"",,,,,,,,,"",,"",No
40 Rules of Love,Elif Shafak,"","",,to-read,2024/01/17,"","",0,"",,,,,,,,,"",,"",No
Martyr!,Kaveh Akbar,"",9781035026074,paperback,read,2026/01/29,2026/02/07,2026/01/29-2026/02/07,1,"",,"","","","","",4.75,,"","","",Yes
The Poppy War,R.F. Kuang,"",9780062662590,digital,to-read,2026/01/06,"","",0,"",,,,,,,,,"",,"",No
Happy Place,Emily Henry,"",9780593441275,hardcover,to-read,2024/10/11,"","",0,"",,,,,,,,,"",,"",No
All Systems Red,Martha Wells,"",9780765397522,digital,read,2026/02/07,2026/02/25,2026/02/15-2026/02/25,1,"adventurous, funny",,"","","","","",3.5,"<div>I liked that we started with action but I found the middle third kinda boring. I did like how it ended tho, felt like a nice completion even if it is part 1 of a series.<br><br>Also the murderbot grew on me a little bit, I was v sus at first and didn't find the character v congruous but ig it just took me a little longer to suspend belief.</div>","","",book-club-read,No
Ahalya,Koral Dasgupta,"",9389109663,paperback,did-not-finish,2026/01/04,"","",0,"",,,,,,,,,"",,"",No
The Butterfly Lion,Michael Morpurgo,"",9780670874613,hardcover,to-read,2022/09/21,"","",0,"",,,,,,,,,"",,"",No
Any Person Is the Only Self: Essays,Elisa Gabbert,"",9780374605896,paperback,to-read,2026/02/11,"","",0,"",,,,,,,,,"",,"",No
Someone Who Will Love You in All Your Damaged Glory: Stories,Raphael Bob-Waksberg,"Raul Esparza (Narrator), Emma Galvin (Narrator), Kimiko Glenn (Narrator), Will Brill (Narrator), Stephanie Beatriz (Narrator), Nicholas Gonzalez (Narrator), Colman Domingo (Narrator), James Urbaniak (Narrator), Baron Vaughn (Narrator), Natalie Morales (Narrator)",9781984891891,audio,read,2025/07/09,2025/07/11,2025/07/09-2025/07/11,1,"",,"","","","","",5.0,,"","","",No
Orbital,Samantha Harvey,"",9780802161543,hardcover,to-read,2026/02/23,"","",0,"",,,,,,,,,"",,"",No
The Righteous Mind: Why Good People Are Divided by Politics and Religion,Jonathan Haidt,"",9780307907035,digital,to-read,2023/08/07,"","",0,"",,,,,,,,,"",,"",No
The Guest Cat,Takashi Hiraide,Eric Selland (Translator),9780811221504,paperback,read,2024/10/07,2024/10/08,2024/10/07-2024/10/08,1,"emotional, funny, reflective, sad",medium,A mix,No,Yes,No,"",5.0,"<div>I loved this book, it was so hygge and cute and sad and wholesome and now I miss my cat 😢</div>","","","",Yes
The Cook of Castamar,Fernando J. Múñez,"",9781803285603,hardcover,to-read,2026/03/13,"","",0,"",,,,,,,,,"",,"",No
Lightbreakers,Aja Gabel,"",9780593329702,hardcover,to-read,2026/02/01,"","",0,"",,,,,,,,,"",,botm,No
Broken Country,Clare Leslie Hall,"",9781668078181,hardcover,to-read,2026/02/11,"","",0,"",,,,,,,,,"",,"",No
The Employees: A Workplace Novel of the 22nd Century,Olga Ravn,Martin Aitken (Translator),9781999992880,paperback,to-read,2026/03/11,"","",0,"",,,,,,,,,"",,"",No
Conversations on Love,Natasha Lunn,"",9780241448731,hardcover,to-read,2022/09/19,"","",0,"",,,,,,,,,"",,"",No
The Nose,Nikolai Gogol,Ronald Wilks (Translator),9780141397528,paperback,read,2026/01/10,2026/01/20,2026/01/20-2026/01/20,1,"",,"","","","","",4.0,<div>really funny</div>,"","","",No
The Man Who Mistook His Wife for a Hat and Other Clinical Tales,Oliver Sacks,"",9780684853949,paperback,to-read,2024/06/15,"","",0,"",,,,,,,,,"",,"",No
Good Intentions,Kasim Ali,"",9780008450656,hardcover,read,2022/09/21,2022/10/07,2022/10/06-2022/10/07,1,"",,"","","","","",4.75,"","","","",No
Deep Cuts,Holly Brickley,"",9780593799086,hardcover,to-read,2025/05/14,"","",0,"",,,,,,,,,"",,"",No
Betty,Tiffany McDaniel,"",9780525657088,digital,read,2026/02/15,2026/02/27,2026/02/15-2026/02/27,1,"",,"","","","","",5.0,"<div>Landon Carpenter is the little bird that lives inside my heart made of glass.&nbsp;<br><br>This book absolutely broke me and I cried like 6 times, it was so beautiful and I'm still processing it so will edit this review later.</div>","","","",No
Rosemary's Baby,Ira Levin,"",9781605981109,paperback,read,2025/11/28,2025/11/28,2025/11/27-2025/11/28,1,"dark, mysterious",fast,"","","","","",4.75,"","","",book-club-read,No
In Cold Blood,Truman Capote,"",9780679745587,paperback,to-read,2026/03/04,"","",0,"",,,,,,,,,"",,"",No
Severance,Ling Ma,"",9780374261597,hardcover,to-read,2026/03/20,"","",0,"",,,,,,,,,"",,"",No
Your Brain's Not Broken: Strategies for Navigating Your Emotions and Life with ADHD,Tamara Rosier,"",9780800739423,paperback,to-read,2023/08/20,"","",0,"",,,,,,,,,"",,"",No
Amusing Ourselves to Death: Public Discourse in the Age of Show Business,Neil Postman,Andrew Postman (Contributor),9780143036531,paperback,to-read,2026/01/20,"","",0,"",,,,,,,,,"",,"",No
The Bluest Eye,Toni Morrison,"",9780452287068,paperback,to-read,2022/09/19,"","",0,"",,,,,,,,,"",,"",No
The List of Suspicious Things,Jennie Godfrey,"",9781529153293,hardcover,to-read,2026/01/12,"","",0,"",,,,,,,,,"",,"",No
We Are All Birds of Uganda,Hafsa Zayyan,"",9781529118643,hardcover,to-read,2023/10/26,"","",0,"",,,,,,,,,"",,"",No
1984,George Orwell,"",9780452262935,paperback,to-read,2024/08/06,"","",0,"",,,,,,,,,"",,"",No
"Hi, Anxiety: Life with a Bad Case of Nerves",Kat Kinsman,"",9780062369680,hardcover,to-read,2024/10/11,"","",0,"",,,,,,,,,"",,"",Yes
The Silence In Between,Josie Ferguson,"",0857529692,hardcover,to-read,2025/01/14,"","",0,"",,,,,,,,,"",,"",No
Good Material,Dolly Alderton,"Arthur Darvill (Narrator), Vanessa Kirby (Narrator)",9780241994849,audio,read,2026/02/04,2026/02/07,2026/02/04-2026/02/07,1,"",,"","","","","",2.75,"<div>The first 80% of the book was kinda meh, I really wasn't that interested in Andy's whiny thoughts. Hes just like this average stand up guy stumbling through life. Maybe it would be a better read for someone going through a breakup. The last part where we hear Jen's perspective was better and a little redeeming. It wasn't hugely revolutionary just like the rest of the book but it was at least a bit satisfying? To hear her side of the story I guess? I think this is a book for millennials still single in their 30s and to help reassure them that it's okay to be.</div>","","","",No
Flowers for Algernon,Daniel Keyes,"",9781474605731,paperback,read,2026/04/02,2026/04/07,2026/03/31-2026/04/07,1,"",,"","","","","",5.0,"","","","",Yes
Turtles All the Way Down,John Green,"",9780525555360,hardcover,read,2022/09/19,2021,2021,1,"",,,,,,,,,"",,"",No
What We Fed to the Manticore,Talia Lakshmi Kolluri,"",9781953534415,paperback,read,2024/08/13,2024/08/31,2024/08/28-2024/08/31,1,"",,,,,,,,,"",,"",No
Breasts and Eggs,Mieko Kawakami,"David Boyd (Translator), Sam Bett (Translator)",9781609455873,hardcover,to-read,2023/10/15,"","",0,"",,,,,,,,,"",,"",No
"The Psychology of Money: Timeless Lessons on Wealth, Greed, and Happiness",Morgan Housel,"",9780857197689,paperback,did-not-finish,2022/09/19,"","",0,"",,,,,,,,,"",,"",No
Starfall,Brenda Hiatt,"",,digital,read,2022/09/30,2023/12/28,2023/12/21-2023/12/28,2,"",,,,,,,,,"",,"",No
Cursed Daughters,Oyinkan Braithwaite,"",9780385551472,hardcover,to-read,2026/02/01,"","",0,"",,,,,,,,,"",,botm,No
I Capture the Castle,Dodie Smith,"",9780312181109,hardcover,to-read,2024/10/15,"","",0,"",,,,,,,,,"",,"",No
Intermezzo,Sally Rooney,"",9780571365463,hardcover,to-read,2024/12/06,"","",0,"",,,,,,,,,"",,"",No
Dune,Frank Herbert,"",9780593099322,hardcover,to-read,2026/01/07,"","",0,"",,,,,,,,,"",,"",No
The Director,Daniel Kehlmann,Ross Benjamin (Translator),9781529435122,paperback,to-read,2026/03/01,"","",0,"",,,,,,,,,"",,2026-booker-longlist,No
Tuesdays with Morrie,Mitch Albom,"",9780751529814,paperback,to-read,2026/01/08,"","",0,"",,,,,,,,,"",,"",No
My Year Abroad,Chang-rae Lee,"",9780593396025,paperback,to-read,2024/06/17,"","",0,"",,,,,,,,,"",,"",No
I Who Have Never Known Men,Jacqueline Harpman,"Ros Schwartz (Translator), Sophie Mackintosh (Contributor)",9781529111798,paperback,read,2024/06/05,"","",1,"",,,,,,,,,"",,"",No
A Suitable Boy,Vikram Seth,"Ayesha Dharker (Narrator), Full Cast (Narrator), Mahabanoo Mody-Kotwal (Narrator)","",audio,read,2025/08/20,2025/08/22,2025/08/20-2025/08/22,1,"",,"","","","","",5.0,"","","","",No
Rest: Why You Get More Done When You Work Less,Alex Soojung-Kim Pang,"",9781549113840,audio,read,2025/01/14,2025/02/22,2025/01/14-2025/02/22,1,"",,,,,,,,,"",,"",No
Foster,Claire Keegan,"","",paperback,to-read,2025/11/15,"","",0,"",,,,,,,,,"",,"",No
Expectation,Anna Hope,"",9780857524904,hardcover,to-read,2023/03/31,"","",0,"",,,,,,,,,"",,"",No
Tea with Elephants,Robin Jones Gunn,"",9780800744823,paperback,to-read,2024/10/11,"","",0,"",,,,,,,,,"",,"",No
Assembly,Natasha Brown,"",9780241515709,hardcover,to-read,2022/09/19,"","",0,"",,,,,,,,,"",,"",No
Mr. Penumbra's 24-Hour Bookstore,Robin Sloan,"",9780374214913,hardcover,read,2022/09/26,2022/09/29,2022/09/25-2022/09/29,1,"",,"","","","","",3.0,"","","","",No
What You Are Looking For is in the Library,Michiko Aoyama,Alison Watts (Translator),9780857529121,hardcover,to-read,2023/10/17,"","",0,"",,,,,,,,,"",,"",No
Red Rising,Pierce Brown,"",9780345539786,hardcover,read,2026/03/07,2026/04/17,2026/03/14-2026/04/17,1,"",,"","","","","",3.0,"","","",book-club-read,No
Stoner,John Williams,John McGahern (Contributor),9781590171998,paperback,to-read,2024/08/17,"","",0,"",,,,,,,,,"",,want-to-buy,No
My Holiday in North Korea: The Funniest/Worst Place on Earth,Wendy E. Simmons,"",9780795347047,paperback,to-read,2024/09/09,"","",0,"",,,,,,,,,"",,"",No
I Know Why the Caged Bird Sings,Maya Angelou,"",9780860685111,paperback,to-read,2023/10/26,"","",0,"",,,,,,,,,"",,"",No
My Brilliant Friend,Elena Ferrante,Ann Goldstein (Translator),9781609450786,paperback,to-read,2026/03/04,"","",0,"",,,,,,,,,"",,"",No
Babel,R.F. Kuang,"",9780063021426,hardcover,read,2026/01/06,2026/01/26,2026/01/07-2026/01/26,1,"adventurous, tense",,"","","","","",5.0,"<div>Okay I get that this book has flaws but I loved all the characters truly. I was sooo immersed into this book i felt like I was 12 again reading Harry Potter. It was a really fun read and talks about a lot of things I think about occasionally with a lot of anger like colonialism and how other cultures are misrepresented and even exploited (still) in western countries. Thier culture, language, traditions are 'stolen' but we cannot call it so because language isn't a good that can be traded.&nbsp;<br><br>There's so much more in this book I have thoughts on and like usual I have qualms about how RF Kuang ends her books. Like the third act was not my favorite part while the setup and the characters and the world building I thought were excellent. I did however really like the epilogue and the final word.&nbsp;</div>","","","",No
Divergent,Veronica Roth,"",9780062024039,paperback,read,2026/01/06,"","",1,"",,,,,,,,,"",,"",No
Postmortem,Patricia Cornwell,"",9780743477154,paperback,to-read,2026/01/11,"","",0,"",,,,,,,,,"",,"",No
The Catcher in the Rye,J.D. Salinger,"",9780316769174,paperback,read,2022/09/20,2021,2021,1,"",,,,,,,,,"",,"",No
This Is How You Remember It,Catherine Prasifka,"",9781837261468,digital,to-read,2026/04/21,"","",0,"",,,,,,,,,"",,"",No
A Suitable Boy,Vikram Seth,"",9780060786526,paperback,read,2025/08/20,"","",1,"",,,,,,,,,"",,"",No
The Idiot,Fyodor Dostoevsky,"Martin Geeson (Translator), Anna Brailovsky (Translator), Constance Garnett (Translator), Eva M. Martin (Translator)",9780679642428,paperback,to-read,2026/01/20,"","",0,"",,,,,,,,,"",,"",No
Before the Coffee Gets Cold,Toshikazu Kawaguchi,Geoffrey Trousselot (Translator),9781529029581,paperback,read,2022/09/19,2022/10/03,2022/09/29-2022/10/03,1,"",,"","","","","",3.25,"","","","",No
White Nights,Fyodor Dostoevsky,Ronald Meyer (Translator),9780241252086,paperback,read,2026/01/16,2026/01/17,2026/01/16-2026/01/17,1,"",,"","","","","",3.75,<div>The writing was really fun and flowy. They were both extreme romantics and overly dramatic but it was fun</div>,"","","",Yes
"Where Are You, Echo Blue?",Hayley Krischer,"Alexa McKenna (Narrator), Helen Laser (Narrator)",B0CMJQJHC3,audio,read,2025/05/13,2025/05/14,2025/05/13-2025/05/14,1,adventurous,medium,Plot,No,No,No,Yes,4.0,<div>Echo was a more interesting character than Goldie for me and I liked all the parts where she was telling her story. Goldie is low-key crazy and seeing into her mind was fun lol.</div>,"","","",No
Long Distance,Ayşegül Savaş,"",9781639733101,hardcover,to-read,2026/01/07,"","",0,"",,,,,,,,,"",,"",No
Minor Feelings: An Asian American Reckoning,Cathy Park Hong,"",9781984820365,hardcover,to-read,2026/02/20,"","",0,"",,,,,,,,,"",,"",No
Maame,Jessica George,"",9781250282521,hardcover,to-read,2024/03/28,"","",0,"",,,,,,,,,"",,"",No
Evenings & Weekends,Oisín McKenna,"",9780063319974,hardcover,to-read,2025/01/07,"","",0,"",,,,,,,,,"",,"",No
Happy All the Time,Laurie Colwin,"",9780060955328,paperback,to-read,2025/01/11,"","",0,"",,,,,,,,,"",,"",No
Everyone in My Family Has Killed Someone,Benjamin Stevenson,Barton Welch (Narrator),9780063279056,audio,read,2024/11/11,2024/12/06,2024/11/11-2024/12/06,1,"",,"","","","","",3.75,"","","","",No
Favorite Daughter: A Novel,Morgan Dick,"","",hardcover,to-read,2025/08/08,"","",0,"",,,,,,,,,"",,"",No
Ella Minnow Pea,Mark Dunn,"",9780385722438,paperback,to-read,2025/05/21,"","",0,"",,,,,,,,,"",,"",No
The Song of Achilles,Madeline Miller,"",9781408816035,hardcover,to-read,2022/09/19,"","",0,"",,,,,,,,,"",,"",No
Yellowface,R.F. Kuang,"",9780008532772,hardcover,read,2023/08/12,2024/09/01,2024/08/30-2024/09/01,1,"informative, mysterious",fast,A mix,No,"","","",4.25,"","","","",No
To the Moon and Back,Eliana Ramage,"",9781668065853,hardcover,to-read,2026/02/03,"","",0,"",,,,,,,,,"",,"",No
The Sentence is Death,Anthony Horowitz,"",1780897081,paperback,to-read,2026/01/07,"","",0,"",,,,,,,,,"",,"",No
The God of the Woods,Liz Moore,"",9780593418932,digital,read,2026/01/06,2026/03/11,2026/03/02-2026/03/11,1,"",,"","","","","",4.0,"<div>Really well written atmospheric thriller, I appreciated that it didn't do any cheap tricks and insane reveals (there were some but those just felt at par with the rest of the story) and was still a really interesting read.<br><br>I don't think I've read a book with this many povs in that many timelines before and at first I was getting a bit confused. Overall I liked that everytime I sat down to read this I was both taken right into the Adirondack landscape and also dying to know what happened next.</div>","","","",No
I'm a Fan,Sheena Patel,"",9781914236150,hardcover,read,2024/01/02,"","",1,"",,,,,,,,,"",,"",No
A Short Stay in Hell,Steven L. Peck,"",9780983748427,paperback,to-read,2025/10/13,"","",0,"",,,,,,,,,"",,"",No
The City and Its Uncertain Walls,Haruki Murakami,Philip Gabriel (Translator),9781787304475,hardcover,to-read,2024/08/16,"","",0,"",,,,,,,,,"",,"",No
The Left Hand of Darkness,Ursula K. Le Guin,"",9780441007318,paperback,to-read,2026/02/20,"","",0,"",,,,,,,,,"",,"",No
The Other Valley,Scott Alexander Howard,"",9781668015476,hardcover,to-read,2026/02/23,"","",0,"",,,,,,,,,"",,"",No
The Valley of Amazement,Amy Tan,"",9780062107312,hardcover,to-read,2024/10/07,"","",0,"",,,,,,,,,"",,"",Yes
Seattle Walks: Discovering History and Nature in the City,David B. Williams,"",,,to-read,2025/07/11,"","",0,"",,,,,,,,,"",,"",No
The Fall,Albert Camus,Justin O'Brien (Translator),9780679720225,paperback,to-read,2022/09/19,"","",0,"",,,,,,,,,"",,"",No
The Missing Readme: A Guide for the New Software Engineer,"Chris Riccomini, Dmitriy Ryaboy","",9781718501836,paperback,read,2025/08/14,"","",1,"",,,,,,,5.0,<div>will be re-reading this often as I attempt engineer more software</div>,"","","",Yes
What Moves the Dead,T. Kingfisher,"",9781250830753,hardcover,to-read,2026/04/08,"","",0,"",,,,,,,,,"",,"",No
The Coin,Yasmin Zaher,"",9781646222100,hardcover,to-read,2026/01/07,"","",0,"",,,,,,,,,"",,"",No
The Complete Maus,Art Spiegelman,"",9780141014081,paperback,to-read,2023/04/30,"","",0,"",,,,,,,,,"",,"",No
"Talking to My Daughter About the Economy: or, How Capitalism Works—And How It Fails",Yanis Varoufakis,"Jacob Moe (Translator), Yanis Varoufakis (Translator)",9780374538491,paperback,did-not-finish,2024/01/20,"","",0,"",,,,,,,,,"",,"",No
The God of Small Things,Arundhati Roy,"",9780143028574,paperback,to-read,2026/03/22,"","",0,"",,,,,,,,,"",,"",Yes
The Exes,Leodora Darlington,"",9798217043859,hardcover,to-read,2026/02/01,"","",0,"",,,,,,,,,"",,botm,No
On Earth We're Briefly Gorgeous,Ocean Vuong,"",9780525562023,hardcover,did-not-finish,2022/09/19,"","",0,"",,,,,,,,,"",,"",No
How to Say Babylon,Safiya Sinclair,"",B0BJRS7YPV,audio,to-read,2026/02/03,"","",0,"",,,,,,,,,"",,"",No
Persepolis: The Story of a Childhood,Marjane Satrapi,"Mattias Ripa (Translator), Blake Ferriss (Translator)",9780375714573,paperback,to-read,2025/08/24,"","",0,"",,,,,,,,,"",,"",No
Eleanor Oliphant Is Completely Fine,Gail Honeyman,"",9780735220683,hardcover,read,2023/06/26,2023/07/10,2023/06/26-2023/07/10,1,"",,,,,,,,,"",,"",No
After the Apocalypse,Maureen F. McHugh,"",9781931520294,paperback,to-read,2026/02/20,"","",0,"",,,,,,,,,"",,"",No
Train to Pakistan,Khushwant Singh,"",9780143065883,paperback,to-read,2026/01/18,"","",0,"",,,,,,,,,"",,"",Yes
Born a Crime: Stories From a South African Childhood,Trevor Noah,"",9780385689229,hardcover,to-read,2026/01/09,"","",0,"",,,,,,,,,"",,"",No
Second Place,Rachel Cusk,"",9780374279226,hardcover,to-read,2026/02/20,"","",0,"",,,,,,,,,"",,"",No
The Safekeep,Yael van der Wouden,"",9781668034347,hardcover,read,2025/06/29,2026/02/10,2026/02/07-2026/02/10,1,"",,"","","","","",3.5,"<div>Hmm, little bit disappointed cause I was expecting a lot from this one. It wasn't bad, it was actually so cool to be in just that one house and I also felt that claustrophobia. I just think I don't like spicy books (there's not too much in this) and although the twist was really good, I wish it discussed one or the other aspect of the story and not both.&nbsp;<br><br>There's both Isabel learning about herself and also the story of the war and how it impacts generations ahead. I would've preferred one or the other but that's just me.</div>","","","",No
The Details,Ia Genberg,Kira Josefsson (Translator),9780063309715,hardcover,read,2025/01/11,2026/02/13,2026/02/11-2026/02/13,1,"",,"","","","","",3.25,"<div>I actually really really enjoyed the first chapter and not so much the rest. I guess Joanna was just that girl but the others didn't interest me that much. I wanted to see if it would tell me a bit more about the author but I think each of these portraits will speak to someone else and not all of them are for everyone (there's 4 relationships/chapters in the book).&nbsp;<br><br>The prose was really beautiful tho and SO many swedish places mentioned, I highlighted them and I think there has to be at least like 50.</div>","","","",No
"The Calcutta Chromosome: A Novel of Fevers, Delirium & Discovery",Amitav Ghosh,"",9780380813940,paperback,to-read,2022/09/19,"","",0,"",,,,,,,,,"",,"",No
The Red and the Black,Stendhal,Roger Gard (Translator),9780140447644,paperback,to-read,2026/02/14,"","",0,"",,,,,,,,,"",,"",No
The Year of Magical Thinking,Joan Didion,"",9781400078431,paperback,to-read,2026/02/20,"","",0,"",,,,,,,,,"",,"",No
The Lucky Ones: A Memoir,Zara Chowdhary,"",9780593727430,hardcover,to-read,2025/06/07,"","",0,"",,,,,,,,,"",,"",No
The Spinning Heart,Donal Ryan,"",9781781620076,hardcover,to-read,2026/02/11,"","",0,"",,,,,,,,,"",,"",No
Creation Lake,Rachel Kushner,"",B0CVHGMQSP,audio,did-not-finish,2025/05/04,"","",0,"",,,,,,,,,"",,"",No
Perfection,Vincenzo Latronico,Sophie Hughes (Translator),9781681378725,paperback,to-read,2026/02/21,"","",0,"",,,,,,,,,"",,"",No
The Upside of Uncertainty: A Guide to Finding Possibility in the Unknown,Nathan R Furr,"",9781647823016,hardcover,did-not-finish,2024/04/17,"","",0,"",,,,,,,,,"",,"",No
Anatomy of an Alibi,Ashley Elston,"",9780593834459,hardcover,to-read,2026/01/27,"","",0,"",,,,,,,,,"",,"",No
The Wife,Meg Wolitzer,"",9780743456661,paperback,did-not-finish,2023/05/20,"","",0,"",,,,,,,,,"",,"",No
The Ocean at the End of the Lane,Neil Gaiman,Neil Gaiman (Narrator),9780062255686,audio,did-not-finish,2024/09/10,"","",0,"",,,,,,,,,"",,"",No
The Covenant of Water,Abraham Verghese,"",9780802162175,hardcover,to-read,2025/07/24,"","",0,"",,,,,,,,,"",,"",No
Taiwan Travelogue,"Yáng Shuāng-zǐ, 楊双子",Lin King (Translator),9781644453162,digital,to-read,2026/03/01,"","",0,"",,,,,,,,,"",,2026-booker-longlist,No
Wild Dark Shore,Charlotte McConaghy,"",9781250827951,hardcover,to-read,2026/02/21,"","",0,"",,,,,,,,,"",,botm,No
The Goldfinch,Donna Tartt,"",9780316055437,hardcover,to-read,2023/12/23,"","",0,"",,,,,,,,,"",,want-to-buy,No
Favourite Daughter,Morgan Dick,"Heather Kosik (Narrator), Susanna Fournier (Narrator)",9780385699327,audio,did-not-finish,2025/10/26,"","",0,"",,,,,,,,<div>Library lapsed</div>,"","","",No
Flesh,David Szalay,"",9781982122799,hardcover,to-read,2026/01/09,"","",0,"",,,,,,,,,"",,"",No
Anna Karenina,Leo Tolstoy,"Richard Pevear (Translator), Larissa Volokhonsky (Translator)",9780143035008,paperback,to-read,2024/08/17,"","",0,"",,,,,,,,,"",,"",No
Going Solo,Zoe Sugg,"",9780141372174,hardcover,read,2022/09/30,"","",1,"",,,,,,,,,"",,"",No
Ways of Seeing,John Berger,"",9780140135152,paperback,to-read,2026/01/20,"","",0,"",,,,,,,,,"",,"",No
The Checklist Manifesto: How to Get Things Right,Atul Gawande,"",9780805091748,hardcover,read,2022/09/19,2021,2021,1,"",,,,,,,,,"",,"",No
The Brooklyn Follies,Paul Auster,"",9780571224982,paperback,to-read,2026/02/21,"","",0,"",,,,,,,,,"",,"",Yes
Monkey Grip,Helen Garner,"",9780140049534,paperback,to-read,2024/08/31,"","",0,"",,,,,,,,,"",,"",No
White Nights,Fyodor Dostoevsky,O.N. Shartse (Translator),"",hardcover,to-read,2024/04/27,"","",0,"",,,,,,,,,"",,"",No
The Bewitching,Silvia Moreno-Garcia,"",9780593874325,hardcover,to-read,2025/10/27,"","",0,"",,,,,,,,,"",,"",No
On the Calculation of Volume I,Solvej Balle,Barbara J. Haveland (Translator),9780571383375,paperback,to-read,2026/03/11,"","",0,"",,,,,,,,,"",,"",No
Such a Fun Age,Kiley Reid,"",9780525541929,digital,read,2022/09/19,2021,2021,1,"",,"","","","","",5.0,,"","","",No
The Death of Ivan Ilych,Leo Tolstoy,"رضی هیرمند (Translator), Ευγενία Ζήκου (Translator), Leo Tolstoy (Translator)",9781600964336,paperback,to-read,2024/01/02,"","",0,"",,,,,,,,,"",,want-to-buy,No
The Correspondent,Virginia Evans,"","",hardcover,to-read,2026/03/06,"","",0,"",,,,,,,,,"",,"",No
In a New York Minute,Kate Spencer,"","",digital,did-not-finish,2022/09/19,"","",0,"",,,,,,,,,"",,"",No
"Caliban and the Witch: Women, the Body and Primitive Accumulation",Silvia Federici,"",9781570270598,paperback,to-read,2026/01/20,"","",0,"",,,,,,,,,"",,"",No
"Slow Days, Fast Company",Eve Babitz,Matthew Specktor (Contributor),9781681370088,paperback,to-read,2023/08/07,"","",0,"",,,,,,,,,"",,"",No
Eichmann in Jerusalem: A Report on the Banality of Evil,Hannah Arendt,Amos Elon (Contributor),9780143039884,paperback,to-read,2026/02/18,"","",0,"",,,,,,,,,"",,"",No
Rethinking Adult ADHD: Helping Clients Turn Intentions Into Actions,J. Russell Ramsay,"",9781433831508,paperback,to-read,2025/01/14,"","",0,"",,,,,,,,,"",,"",No
Pet Sematary,Stephen King,"",9781529378306,paperback,to-read,2022/09/21,"","",0,"",,,,,,,,,"",,"",No
Starcrossed,Brenda Hiatt,"",,digital,read,2022/09/30,2023/12/18,2023/12/10-2023/12/18,2,"",,,,,,,,,"",,"",No
A Place for Us,Fatima Farheen Mirza,"",9781524763558,hardcover,to-read,2025/06/07,"","",0,"",,,,,,,,,"",,"",No
 Cassandra at the Wedding,Dorothy Baker,"",9781911547297,paperback,did-not-finish,2026/03/21,"","",0,"",,,,,,,,,"",,"",No
None of This Is True,Lisa Jewell,"Louise Brealey (Narrator), Emilia Fox (Narrator), Elliot Fitzpatrick (Narrator), Ayesha Antoine (Narrator), Thomas Judd (Narrator), Alix Dunmore (Narrator), Kate MacDonald (Narrator), Dominic Thorburn (Narrator), Jenny Walser (Narrator), Nicola Walker (Narrator), Kristin Atherton (Narrator)",B0BHFBQ76G,audio,read,2025/05/06,2025/05/08,2025/05/06-2025/05/08,1,"",,"","","","","",4.0,"","","","",No
I'm a Fan,Sheena Patel,Sheena Patel (Narrator),B0CG6T57WS,audio,read,2025/01/09,2025/01/12,2025/01/09-2025/01/12,1,"",,"","","","","",2.75,"","","","",No
The Guest List,Lucy Foley,"Jot Davies (Narrator), Sarah Ovens (Narrator), Rich Keeble (Narrator), Olivia Dowd (Narrator), Chloe Massey (Narrator), Aoife McMahon (Narrator)",9781094156446,audio,read,2024/12/24,2024/12/31,2024/12/23-2024/12/31,1,"dark, mysterious",medium,"","","","","",3.0,"","","","",No
Lincoln in the Bardo,George Saunders,"",9780812995343,hardcover,to-read,2026/01/22,"","",0,"",,,,,,,,,"",,"",No
The Idiot,Elif Batuman,"",9781594205613,hardcover,to-read,2024/01/07,"","",0,"",,,,,,,,,"",,"",No
Good Material,Dolly Alderton,"",9780241993170,digital,read,2026/01/30,"","",1,"",,,,,,,,,"",,"",No
Permafrost,Eva Baltasar,Julia Sanches (Translator),9781911508755,paperback,to-read,2026/01/27,"","",0,"",,,,,,,,,"",,"",No
Dark Matter,Blake Crouch,"",1101904232,digital,read,2026/01/24,2026/01/07,2025/12/06-2026/01/07,1,"",,"","","","","",4.75,"","","","",No
The Guest,Emma Cline,"",9781784743734,hardcover,read,2024/09/01,2024/09/16,2024/09/01-2024/09/16,1,"",,"","","","","",3.75,"","","","",No
The Wedding People,Alison Espach,Helen Laser (Narrator),1250349702,audio,read,2025/10/13,2025/10/22,2025/10/13-2025/10/22,1,"",,"","","","","",3.25,"","","","",No
This Story Might Save Your Life,Tiffany Crum,"",9781250395238,hardcover,to-read,2026/03/31,"","",0,"",,,,,,,,,"",,"",No
All About Love: New Visions,bell hooks,January LaVoy (Narrator),9780063342699,audio,did-not-finish,2024/10/11,"","",0,"",,,,,,,,<div>not for me</div>,"","","",No
A Tree Grows in Brooklyn,Betty Smith,"",9780061120077,paperback,to-read,2024/01/12,"","",0,"",,,,,,,,,"",,for-book-club,No
Strange Buildings,Uketsu,Jim Rion (Translator),B0FRNFY3H2,digital,read,2026/04/11,2026/04/11,2026/04/10-2026/04/11,1,"",,"","","","","",4.0,"<div>Just like the last Uketsu book I read, it didn't make sense all until the very end.</div>","","","",No
Rock Paper Scissors,Alice Feeney,"Richard Armitage (Narrator), Stephanie Racine (Narrator)",9781250818126,audio,read,2026/01/31,2026/02/03,2026/01/31-2026/02/03,1,"",,"","","","","",4.25,"","","","",No
Hobson-Jobson: The Definitive Glossary of British India,"A. C. Burnell, Henry Yule","",9780198718000,paperback,to-read,2026/02/16,"","",0,"",,,,,,,,,"",,want-to-buy,No
Perfume: The Story of a Murderer,Patrick Süskind,Seán Barrett (Narrator),"",audio,read,2026/01/09,2026/01/14,2026/01/09-2026/01/14,1,dark,,"","","","","",4.0,"<div>Very mesmerizing writing. The first time that I could kinda get the themes and what the author was getting it before I finished the book. This might have been because it was told by a narrator but great read. A very peculiar man, him being a murdered is not even the strangest thing about him.</div>","","","",No
Meditations,Marcus Aurelius,Martin Hammond (Translator),9780140449334,paperback,to-read,2023/05/20,"","",0,"",,,,,,,,,"",,want-to-buy,No
The Meek One,Fyodor Dostoevsky,Ronald Meyer (Translator),9780141397481,paperback,to-read,2026/01/10,"","",0,"",,,,,,,,,"",,"",No
All Fours,Miranda July,Miranda July (Narrator),9780593828977,audio,read,2025/08/07,2025/08/17,2025/08/06-2025/08/17,1,"",,"","","","","",2.5,"<div>Idk man, I think I may have read this like 23 years too early cause I did not relate to anything. It's was a little too explicit for me in some places and I did not understand those struggles of being a mother, menopause and all that. The writing in some places was interesting but the plot was not interesting enough for me to really care about the main character. There also is a bit of a irrelevance with how privileged her struggles seem to be even if it is meant to be a universal female experience I guess.</div>","","","",No
"My Sister, the Serial Killer",Oyinkan Braithwaite,"",9780385544238,hardcover,read,2025/01/13,"","",1,"",,,,,,,,,"",,"",No
East of Eden,John Steinbeck,"",9780142000656,paperback,to-read,2023/05/17,"","",0,"",,,,,,,,,"",,"",No
All the Light We Cannot See,Anthony Doerr,"",9781476746586,hardcover,to-read,2026/01/06,"","",0,"",,,,,,,,,"",,"",No
Starbound: A Startruck Novel,Brenda Hiatt,"",9781940618067,paperback,read,2023/12/19,2023/12/21,2023/12/18-2023/12/21,1,"",,,,,,,,,"",,"",No
Perfume: The Story of a Murderer,Patrick Süskind,John E. Woods (Translator),9780140120837,paperback,read,2026/01/07,"","",1,"",,"","","","","",4.0,"","","","",No
Nightbitch,Rachel Yoder,Cassandra Campbell (Narrator),9780593408278,audio,did-not-finish,2024/12/30,"","",0,"",,,,,,,,,"",,"",No
The Sleep Prescription: Seven Days to Unlocking Your Best Rest,Aric Prather,"",9780143136651,paperback,read,2024/12/22,2024/12/30,2024/12/21-2024/12/30,1,"",,,,,,,,,"",,"",No
No One Is Talking About This,Patricia Lockwood,"",9780593189580,hardcover,to-read,2026/02/13,"","",0,"",,,,,,,,,"",,"",No
The Loneliness of Sonia and Sunny,Kiran Desai,"",9780307700155,hardcover,to-read,2025/07/30,"","",0,"",,,,,,,,,"",,"",No
Know My Name,Chanel Miller,"",9780735223714,digital,did-not-finish,2024/10/08,"","",0,"",,,,,,,,<div>Too heavy&nbsp;</div>,"","","",No
The Handmaid's Tale,Margaret Atwood,"",038549081,paperback,to-read,2025/11/15,"","",0,"",,,,,,,,,"",,"",No
The Glass Castle,Jeannette Walls,"",9780743247542,paperback,to-read,2026/04/08,"","",0,"",,,,,,,,,"",,"",No
"The Language of the Night: Essays on Writing, Science Fiction, and Fantasy",Ursula K. Le Guin,"",9781668034903,paperback,to-read,2026/01/07,"","",0,"",,,,,,,,,"",,"",No
The Country Will Bring Us No Peace,Matthieu Simard,Pablo Strauss (Translator),9781552453933,paperback,to-read,2026/03/01,"","",0,"",,,,,,,,,"",,"",No
The Little Book of Hygge: The Danish Way to Live Well,Meik Wiking,"",9780241283912,hardcover,read,2023/05/11,2023/05/10,2023/05/10-2023/05/10,1,"",,,,,,,5.0,"","","","",No
Sense and Sensibility,Jane Austen,"Ros Ballaster (Contributor), Tony Tanner (Contributor)",9780141439662,paperback,to-read,2026/01/11,"","",0,"",,,,,,,,,"",,"",No
Show Your Work!: 10 Ways to Share Your Creativity and Get Discovered,Austin Kleon,"",9780761178972,paperback,read,2022/09/19,2022/05,2022/05,1,"",,,,,,,3.75,"","","","",No
London Falling: A Mysterious Death in a Gilded City and a Family's Search for Truth,Patrick Radden Keefe,"",9780385548533,hardcover,to-read,2026/04/22,"","",0,"",,,,,,,,,"",,"",No
The Assembly of the Severed Head,Hugh Lupton,"",,,to-read,2023/05/20,"","",0,"",,,,,,,,,"",,"",No
Heart the Lover,Lily King,"",9780802165176,hardcover,to-read,2026/01/28,"","",0,"",,,,,,,,,"",,"",No
Five Survive,Holly Jackson,"",9780593374160,hardcover,read,2023/04/02,2023/04/03,2023/03/31-2023/04/03,1,"",,"","","","","",3.75,"","","","",No
"My Sister, the Serial Killer",Oyinkan Braithwaite,Adepero Oduye (Narrator),9780525643296,audio,read,2025/01/16,2025/01/17,2025/01/15-2025/01/17,1,"",,"","","","","",4.0,"","","","",No
Solenoid,Mircea Cărtărescu,Sean Cotter (Translator),9781646052028,paperback,to-read,2026/03/24,"","",0,"",,,,,,,,,"",,"",No
Invisible Women: Data Bias in a World Designed for Men,Caroline Criado Pérez,"",9781419729072,hardcover,to-read,2026/03/14,"","",0,"",,,,,,,,,"",,"",No
How Should a Person Be?,Sheila Heti,"",9780887842405,hardcover,read,2022/09/19,2022/06,2022/06,1,"",,"","","","","",2.0,"","","","",No
The Hitchhiker's Guide to the Galaxy,Douglas Adams,"",9780345418913,paperback,read,2022/09/19,2022/09/22,2022/09/20-2022/09/22,1,"",,"","","","","",3.0,"","","","",No
The French Lieutenant's Woman,John Fowles,"","",paperback,to-read,2022/09/19,"","",0,"",,,,,,,,,"",,"",No
M Train,Patti Smith,"",9781101875117,digital,read,2024/10/07,2024,2024,1,"",,,,,,,,,"",,"",Yes
Slow Productivity: The Lost Art of Accomplishment Without Burnout,Cal Newport,Cal Newport (Narrator),9780593829707,audio,read,2025/04/23,2025/05/04,2025/04/23-2025/05/04,1,"",,,,,,,4.75,"","","","",No
I Who Have Never Known Men,Jacqueline Harpman,"Ros Schwartz (Translator), Sarah Lambie (Narrator)",9781529191448,audio,read,2024/10/14,2024/10/23,2024/10/15-2024/10/23,1,"",slow,"","","","","",3.0,,"","","",No
On Tour,Zoe Sugg,"","",paperback,read,2022/09/30,"","",1,"",,,,,,,,,"",,"",No
"Brilliant, Brilliant, Brilliant Brilliant Brilliant",Joel Golby,"",9780525562771,paperback,to-read,2024/01/07,"","",0,"",,,,,,,,,"",,"",No
Shelter in Place,Alexander Maksik,"",9781609453640,paperback,to-read,2026/02/21,"","",0,"",,,,,,,,,"",,"",No
The Defining Decade: Why Your Twenties Matter—And How to Make the Most of Them Now,Meg Jay,"",B005SCSCAU,digital,did-not-finish,2023/12/31,"","",0,"",,,,,,,,,"",,"",No
The Other Valley,Scott Alexander Howard,Cindy Kay (Narrator),9781797169323,audio,did-not-finish,2026/02/25,"","",0,"",,,,,,,,<div>Absolutely loved the premise but it was v long winded and I'm not compelled enough to get through it :/</div>,"","","",No
In Other Lifetimes All I've Lost Comes Back to Me: Stories,Courtney Sender,"",9781952271786,paperback,to-read,2025/08/13,"","",0,"",,,,,,,,,"",,"",No
At Night All Blood Is Black,David Diop,Anna Moschovakis (Translator),9780374266974,hardcover,to-read,2026/02/14,"","",0,"",,,,,,,,,"",,"",No
Only Dull People Are Brilliant at Breakfast,Oscar Wilde,"",9780241251805,paperback,read,2026/01/04,2026/01/07,2026/01/06-2026/01/07,1,"",,,,,,,3.75,<div>This would be my go to if I wanted petty but also aesthetic Instagram captions for posts in 2016. Low-key some of them are pretty funny&nbsp;</div>,"","","",No
"Tuesdays with Morrie: An Old Man, a Young Man, and Life's Greatest Lesson",Mitch Albom,"",9780739311127,audio,read,2026/01/16,2026/01/21,2026/01/15-2026/01/21,1,"",,,,,,,4.75,<div>a truly beautiful read and a comforting one in the wake of losing someone dear to me</div>,"","","",No
Crying in H Mart,Michelle Zauner,"",9780525657743,hardcover,read,2023/12/23,2024/06/14,2024/06/14-2024/06/14,1,"",,,,,,,5.0,"","","","",No
The Lowland,Jhumpa Lahiri,"",9780307265746,hardcover,to-read,2022/09/19,"","",0,"",,,,,,,,,"",,"",No
Tennis Lessons,Susannah Dickey,"",9780857526861,hardcover,to-read,2026/02/11,"","",0,"",,,,,,,,,"",,"",No
Beautiful Boy: A Father's Journey Through His Son's Addiction,David Sheff,"",9781328974716,paperback,to-read,2026/01/28,"","",0,"",,,,,,,,,"",,"",No
A Good Animal,Sara Maurer,"",9781250383563,hardcover,to-read,2026/02/01,"","",0,"",,,,,,,,,"",,botm,No
The Stepford Wives,Ira Levin,"Grover Gardner (Narrator), January LaVoy (Narrator)",9798212636292,audio,read,2026/03/11,2026/03/12,2026/03/10-2026/03/12,1,"",,"","","","","",4.5,"","","","",No
Her One Regret,Donna Freitas,"",9781641296380,hardcover,did-not-finish,2026/02/01,"","",0,"",,,,,,,,<div>Ain't nobody got time for this</div>,"","",botm,No
Wish Her Safe at Home,Stephen Benatar,"",9781590173350,paperback,to-read,2026/02/16,"","",0,"",,,,,,,,,"",,"",No
The Rosie Project,Graeme Simsion,"",9781476729084,hardcover,read,2022/09/19,2022/05,2022/05,1,"",,"","","","","",3.25,"","","","",No
"Not That Kind of Girl: A Young Woman Tells You What She's ""Learned""",Lena Dunham,Joana Avillez (Illustrator),9780812994995,hardcover,read,2022/09/19,2021,2021,1,"",,,,,,,4.0,"","","","",Yes
Cursed Daughters,Oyinkan Braithwaite,"Diana Yekinni (Narrator), Nnei Opia Clark (Narrator), Weruche Opia (Narrator)",9798217165322,audio,read,2026/04/11,2026/04/21,2026/04/11-2026/04/21,1,"",,"","","","","",4.75,"","","","",No
All About Love: New Visions,bell hooks,"",9780688168445,hardcover,read,2023/09/28,"","",1,"",,,,,,,,,"",,"",No
The Kamogawa Food Detectives,Hisashi Kashiwai,Jesse Kirkwood (Translator),9780593717714,hardcover,read,2025/01/07,2025/01/14,2025/01/05-2025/01/14,1,"",,"","","","","",3.5,"","","","",No
Small Things Like These,Claire Keegan,"",9780571368686,hardcover,to-read,2024/01/02,"","",0,"",,,,,,,,,"",,"",No
"A Brief History of Intelligence: Evolution, AI, and the Five Breakthroughs That Made Our Brains",Max Solomon Bennett,"",9780063286344,,to-read,2025/08/13,"","",0,"",,,,,,,,,"",,"",No
"Tomorrow, and Tomorrow, and Tomorrow",Gabrielle Zevin,"",9781529115543,paperback,currently-reading,2026/01/18,"","",0,"",,,,,,,,,"",,"",Yes
Hopscotch,Julio Cortázar,Gregory Rabassa (Translator),9780394752846,paperback,to-read,2026/02/18,"","",0,"",,,,,,,,,"",,"",No
There There,Tommy Orange,"",9780525520375,hardcover,to-read,2026/02/21,"","",0,"",,,,,,,,,"",,"",No
Little Secrets,Jennifer Hillier,Kirsten Potter (Narrator),"",audio,did-not-finish,2026/04/09,"","",0,"",,,,,,,,,"",,"",No
"The Body Keeps the Score: Brain, Mind, and Body in the Healing of Trauma",Bessel van der Kolk,"",9780670785933,hardcover,to-read,2025/01/04,"","",0,"",,,,,,,,,"",,"",No
What We Talk About When We Talk About Love,Raymond Carver,"",9780679723059,paperback,read,2022/10/07,2023/04/05,2023/04/02-2023/04/05,1,"",,,,,,,,,"",,"",No
Sky Daddy,Kate Folk,"",9780593231494,hardcover,to-read,2026/03/05,"","",0,"",,,,,,,,,"",,"",No
The Eye of the World,Robert Jordan,"",9780812511819,paperback,to-read,2022/09/20,"","",0,"",,,,,,,,,"",,"",No
Open Water,Caleb Azumah Nelson,"",9780241448779,hardcover,read,2022/09/19,2022/09/17,2022/09/17,1,"",,"","","","","",5.0,"","","","",No
"Girl, Interrupted",Susanna Kaysen,"","",paperback,to-read,2026/02/20,"","",0,"",,,,,,,,,"",,"",No
Butter: A Novel of Food and Murder,Asako Yuzuki,Polly Barton (Translator),9780063236400,hardcover,did-not-finish,2025/05/14,"","",0,"",,,,,,,,<div>Everytime I read it I make it to like 1/3rd of the book and I get so bored 😭</div>,"","","",No
The Night Guest,Hildur Knútsdóttir,Mary Robinette Kowal (Translator),9781250322043,hardcover,to-read,2026/01/21,"","",0,"",,,,,,,,,"",,"",No
A Man Called Ove,Fredrik Backman,Henning Koch (Translator),9781476738017,hardcover,read,2022/09/26,2022/09/28,2022/09/26-2022/09/28,1,"",,"","","","","",3.0,"","","","",No
Lessons in Chemistry,Bonnie Garmus,"",9780385547345,hardcover,read,2023/09/29,2023/10/12,2023/09/29-2023/10/12,1,"",,"","","","","",5.0,"","","","",No
Almond,Won-pyung Sohn,Sandy Joosun Lee (Translator),9780062961372,hardcover,read,2024/01/02,2024/01/23,2024/01/20-2024/01/23,1,"",,,,,,,,,"",,"",No
Catching Fire,Suzanne Collins,"",9780439023498,hardcover,read,2026/01/07,"","",1,"",,,,,,,,,"",,"",No
This Thing Between Us,Gus Moreno,Robb Moreira (Narrator),9781250825209,audio,read,2026/03/03,2026/03/08,2026/03/03-2026/03/08,1,"",,"","","","","",4.25,"<div>I really enjoyed the writing of this. The way he talks about his wife was just so beautiful but simple and still very poignant. I think it was a fun, vague exploration demonic tendencies and horror aspects.&nbsp;<br><br>&lt;spoiler&gt;Like everyone I did think the Itza aspect would be a bigger part but I'm not entirely mad about where it ended up going.&lt;/spoiler&gt; I quite like that it kept me on my toes but I wish the concepts were just slightly more specific. I have a lot of theories ig and it's still fun to think about them but it would've been so cool to see this book explore Mexican folklore of demons and spirits and hauntings.<br><br>Either way, the experience of reading this book was so fun. I went through so many emotions, scared myself imagining it and also had my jaw drop multiple times. Super fun read!</div>","","",buddy-read,No
Talking to Strangers: What We Should Know about the People We Don't Know,Malcolm Gladwell,"",9780316478526,hardcover,to-read,2023/10/15,"","",0,"",,,,,,,,,"",,"",No
Cleopatra and Frankenstein,Coco Mellors,"",9781635576818,hardcover,to-read,2022/09/19,"","",0,"",,,,,,,,,"",,"",Yes
Bunny,Mona Awad,"",9780525559733,hardcover,read,2023/10/15,2024/08/15,2024/08/02-2024/08/15,1,"dark, tense",,"","","","","",3.75,"","","","",No
Kristy's Great Idea,Raina Telgemeier,Ann M. Martin,9781417699674,,read,2026/04/13,2012,2012,1,"",,"","","","","",4.75,"","","","",Yes
They Both Die at the End,Adam Silvera,"",9780062457790,hardcover,did-not-finish,2022/09/19,"","",0,"",,,,,,,,,"",,"",No
Snap,Susin Nielsen,"",9781443473286,paperback,to-read,2026/02/10,"","",0,"",,,,,,,,,"",,"",No
The Boy Who Was Raised as a Dog: And Other Stories from a Child Psychiatrist's Notebook,Bruce D. Perry,Maia Szalavitz,9780465056521,hardcover,to-read,2025/01/04,"","",0,"",,,,,,,,,"",,"",No
I Want to Die but I Want to Eat Tteokbokki,Baek Se-hee,Anton Hur (Translator),9781635579383,hardcover,did-not-finish,2024/06/15,"","",0,"",,,,,,,,,"",,"",No
The Seven Moons of Maali Almeida,Shehan Karunatilaka,"",9780143459675,paperback,to-read,2026/02/01,"","",0,"",,,,,,,,,"",,"",Yes
My Friends,Fredrik Backman,Neil Smith (Translator),9781982112820,hardcover,to-read,2026/01/09,"","",0,"",,,,,,,,,"",,"",No
The Word Is Murder,Anthony Horowitz,"",9780062676788,hardcover,to-read,2026/01/07,"","",0,"",,,,,,,,,"",,"",No
Bright Young Women,Jessica Knoll,"",9781501153228,hardcover,read,2024/01/07,2024/08/28,2024/08/19-2024/08/28,1,"",,"","","","","",3.25,"","","","",No
The Silent Patient,Alex Michaelides,"Jack Hawkins (Narrator), Louise Brealey (Narrator)",B07JX7ZDJ3,audio,read,2025/07/11,2025/07/15,2025/07/10-2025/07/15,1,"",,"","","","","",4.0,,"","","",No
Chosen Family,Madeleine Gray,"",9781761635724,paperback,to-read,2026/02/09,"","",0,"",,,,,,,,,"",,"",No
"Beautiful World, Where Are You",Sally Rooney,"",9780374602604,hardcover,read,2022/09/19,2022/09/20,2022/09/19-2022/09/20,1,"",,"","","","","",3.5,"","","","",No
Rock Paper Scissors,Alice Feeney,"",9781250266101,hardcover,to-read,2025/11/25,"","",0,"",,,,,,,,,"",,"",No
Dear Dickhead: A Novel,Virginie Despentes,Frank Wynne (Translator),9780374611613,hardcover,to-read,2025/01/07,"","",0,"",,,,,,,,,"",,"",No
Educated,Tara Westover,"",9780525510673,paperback,read,2023/03/30,2023/03/29,2023/03/20-2023/03/29,1,"",,,,,,,5.0,"","","","",No
Boy Parts,Eliza Clark,"",9781910312643,digital,to-read,2022/09/19,"","",0,"",,,,,,,,,"",,"",No
Kids Run the Show,Delphine de Vigan,Alison Anderson (Translator),9781787704893,paperback,read,2024/10/07,2026/03/31,2026/03/29-2026/03/31,1,"",,"","","","","",3.75,"<div>This book covers something I've thought about a lot, the extent of damage that family vlogging does to children. I liked that it went into the longer term effects but I just wish it was more in depth. I wanted a bit more insight into the psychological impact of these kids.&nbsp;<br><br>Some of the social commentary was interesting but nothing mind blowing. It was a good story, I just wanted a bit more.</div>","","","",No
Ghachar Ghochar,Vivek Shanbhag,Srinath Perur (Translator),9780143111689,paperback,to-read,2026/01/04,"","",0,"",,,,,,,,,"",,"",No
The Three Lives of Cate Kay,Kate Fagan,"Imani Jade Powers (Narrator), Helen Laser (Narrator), Tessa Albertson (Narrator), Fred Sanders (Narrator), Jackie Sanders (Narrator), Marin Ireland (Narrator), Daniel Henning (Narrator), Genevieve Kingston (Narrator), Corey Brill (Narrator), Emily Woo Zeller (Narrator), Hillary Huber (Narrator), Kevin R. Free (Narrator)",9781668118993,audio,read,2025/09/22,2025/10/13,2025/09/22-2025/10/13,1,"",,"","","","","",4.0,<div>&lt;spoiler&gt;Did take a little to get into cause it was a bit slow and confusing at first but then I really wanted to know where it went. I was mostly waiting for Cass to find out Amanda was alive but the character dynamics and the other perspectives were actually really intriguing.&nbsp;<br><br>I do think the ending was a bit too clean but I think I would've been unsatisfied if it wasn't.<br>&lt;/spoiler&gt;</div>,"","","",No
The Boy from the Sea,Garrett Carr,"",9780593802885,hardcover,to-read,2026/03/11,"","",0,"",,,,,,,,,"",,"",No
Good People,Patmeena Sabit,"",9780593801062,hardcover,to-read,2026/02/01,"","",0,"",,,,,,,,,"",,botm,No
Defending Jacob,William Landay,"",9780385344227,hardcover,read,2024/09/10,2024/09/11,2024/09/10-2024/09/11,1,"",,"","","","","",4.0,"","","","",No
Mr Salary,Sally Rooney,"",9780571351954,paperback,to-read,2026/01/10,"","",0,"",,,,,,,,,"",,"",No
La mode est politique,Mélody Tbomas,"",2017101338,paperback,to-read,2026/01/10,"","",0,"",,,,,,,,,"",,"",No
The House in the Cerulean Sea,TJ Klune,"",9781250217325,digital,to-read,2022/09/19,"","",0,"",,,,,,,,,"",,"",No
Denial: Holocaust History on Trial,Deborah E. Lipstadt,"",9780062659651,paperback,to-read,2023/05/15,"","",0,"",,,,,,,,,"",,"",No
The Hour of the Star,Clarice Lispector,Giovanni Pontiero (Translator),9780811211901,paperback,to-read,2026/03/07,"","",0,"",,,,,,,,,"",,"",No
The Odyssey,Homer,Samuel Butler (Translator),9789815202861,paperback,did-not-finish,2026/01/24,"","",0,"",,,,,,,,<div>Really liking it but will read it in March instead cause I gotta read this book club book first</div>,"","","",Yes
The Martian,Andy Weir,"",9780804139021,hardcover,read,2022/09/30,"","",1,"",,"","","","","",5.0,"","","","",No
Interpreter of Maladies,Jhumpa Lahiri,"",9780618101368,hardcover,to-read,2023/08/12,"","",0,"",,,,,,,,,"",,"",No
The Man Made of Smoke,Alex North,"",9781250757890,hardcover,to-read,2026/02/01,"","",0,"",,,,,,,,,"",,botm,Yes
This Is How You Lose the Time War,"Max Gladstone, Amal El-Mohtar","",9781534431010,digital,to-read,2023/10/15,"","",0,"",,,,,,,,,"",,"",No
CLEOPATRA AND FRANKENSTEIN,Coco Mellors,"",9780008608514,paperback,read,2026/01/18,2026/02/15,2026/02/08-2026/02/15,1,"",,"","","","","",3.0,"<div>I'm kinda glad it's over. The only good thing about this book was the writing style. I actually really liked it. It's pretty and aesthetic? But both the characters were kinda unlikeable to me and it's more so that I just couldn't get myself to care about them enough.<br><br>&lt;spoiler&gt;Initally, I had thought that their relationship was kinda sweet and that they were cute together but everything, literally everything, significant about their relationship happens outside their pov. We skip a few months and suddenly they're getting married. We skip to a 3rd person's narrative and suddenly Frank is in love with someone else and Cleo is cheating. I think these places could have been where we felt for these characters a bit more if told from their perspective. I thought Cleo was so unbearably privileged and although Frank isn't the best judge of character - I do have to side with him on that one big fight they had at the cabin. Eleanor's chapters were quite interesting tho, she's a very interesting character. &lt;/spoiler&gt;&nbsp;</div>","","","",Yes
Betty,Tiffany McDaniel,"",9780525657071,hardcover,to-read,2026/02/13,"","",0,"",,,,,,,,,"",,"",No
Convenience Store Woman,Sayaka Murata,Ginny Tapley Takemori (Translator),9781846276835,paperback,to-read,2026/01/11,"","",0,"",,,,,,,,,"",,"",No
Why Has Nobody Told Me This Before?,Julie Smith,"",9780063227934,hardcover,to-read,2024/03/25,"","",0,"",,,,,,,,,"",,"",No
Girl Online,Zoe Sugg,Siobhan Curham,9780141357270,hardcover,read,2022/09/30,"","",1,"",,,,,,,,,"",,"",No
Story of Your Life,Ted Chiang,"","",digital,to-read,2026/01/16,"","",0,"",,,,,,,,,"",,"",No
Little Secrets,Jennifer Hillier,"",9781250154224,hardcover,to-read,2026/04/07,"","",0,"",,,,,,,,,"",,"",No
Sisters in Yellow,Mieko Kawakami,"","",paperback,to-read,2026/03/14,"","",0,"",,,,,,,,,"",,"",No
How to Kill a Witch: A Guide for the Patriarchy,"Claire Mitchell, Zoe Venditozzi","",9781800961883,hardcover,to-read,2026/02/16,"","",0,"",,,,,,,,,"",,"",No
Breakneck: China's Quest to Engineer the Future,Dan Wang,"",9781324106043,digital,read,2026/01/26,2026/02/06,2026/02/06,1,"",,,,,,,3.75,"<div>It's a pretty good book, I just was kind of in a slump with this one. A lot of stuff about how China's society works was super interesting and it did change my mind of some things. Really brought it home with the Philly Suburbs and New York mentions at the end I was like yes yes yes to everything in the last chapter. I've been preaching that for years 😭</div>","","",book-club-read,No
Unaccustomed Earth,Jhumpa Lahiri,"",9780676979343,hardcover,to-read,2023/12/23,"","",0,"",,,,,,,,,"",,"",No
One Hundred Years of Solitude,Gabriel García Márquez,Gregory Rabassa (Translator),9780061120091,paperback,to-read,2025/07/12,"","",0,"",,,,,,,,,"",,"",No
Sunrise On The Reaping,Suzanne Collins,Jefferson White (Narrator),9781546171492,audio,read,2026/01/23,2026/01/28,2026/01/23-2026/01/28,1,"",,"","","","","",5.0,<div>I'm crying I loved it 😭 I didn't think I would and there were one too many songs at the end but the full circle got to me anyhow</div>,"","","",No
Piranesi,Susanna Clarke,"",9781635575637,hardcover,to-read,2026/02/08,"","",0,"",,,,,,,,,"",,"",No
The Land in Winter,Andrew Miller,"",9781529354270,hardcover,to-read,2026/01/09,"","",0,"",,,,,,,,,"",,"",No
The Buried Giant,Kazuo Ishiguro,"",9780307271037,hardcover,to-read,2026/04/08,"","",0,"",,,,,,,,,"",,"",No
Remarkably Bright Creatures,Shelby Van Pelt,"",9780063204157,hardcover,to-read,2023/11/04,"","",0,"",,,,,,,,,"",,"",Yes
Kensuke's Kingdom,Michael Morpurgo,Michael Foreman (Illustrator),9781405221740,paperback,to-read,2022/09/21,"","",0,"",,,,,,,,,"",,"",No
Everything I Know About Love: A Memoir,Dolly Alderton,"",9780062968784,hardcover,to-read,2022/10/06,"","",0,"",,,,,,,,,"",,"",No
The Memory Police,Yōko Ogawa,Stephen Snyder (Translator),9781101870600,hardcover,to-read,2026/02/11,"","",0,"",,,,,,,,,"",,"",No
Wuthering Heights,Emily Brontë,"",0393978893,paperback,to-read,2026/01/11,"","",0,"",,,,,,,,,"",,"",No
Sula,Toni Morrison,"",9780452283862,paperback,to-read,2024/01/02,"","",0,"",,,,,,,,,"",,"",No
Breakneck: China's Quest to Engineer the Future,Dan Wang,Jonathan Yen (Narrator),B0FDH3Z3K6,audio,to-read,2026/01/26,"","",0,"",,,,,,,,,"",,book-club-read,No
Blood Over Bright Haven,M.L. Wang,"",B0B5KLVCHZ,digital,to-read,2026/02/25,"","",0,"",,,,,,,,,"",,"",No
Working on a Song: The Lyrics of Hadestown,Anaïs Mitchell,Steve Earle,9780593182574,paperback,to-read,2024/05/12,"","",0,"",,,,,,,,,"",,"",No
Another Brooklyn,Jacqueline Woodson,"",9780062359988,hardcover,to-read,2024/01/02,"","",0,"",,,,,,,,,"",,"",No
The Count of Monte Cristo,Alexandre Dumas,Robin Buss (Translator),9780140449266,paperback,to-read,2025/11/29,"","",0,"",,,,,,,,,"",,"",No
Project Hail Mary,Andy Weir,"",9780593135204,hardcover,read,2023/12/23,2025/11/15,2025/11/07-2025/11/15,1,"adventurous, emotional, hopeful, informative",medium,Plot,Yes,Yes,Yes,No,5.0,"<div>Loved the ending! &lt;spoiler&gt;Rocky and Grace were so cute together, I'm so glad they got to live together for as long as they did and that Grace can teach little Eridian kids 😭&lt;/spoiler&gt;</div>","","",book-club-read,No
The Road,Cormac McCarthy,"",9780307265432,hardcover,to-read,2026/03/04,"","",0,"",,,,,,,,,"",,"",No
Where I End,Sophie White,"",9781915290045,paperback,to-read,2026/03/20,"","",0,"",,,,,,,,,"",,"",No
Flashlight,Susan Choi,"",9780374616373,hardcover,to-read,2026/01/09,"","",0,"",,,,,,,,,"",,"",No
A Streetcar Named Desire,Tennessee Williams,"",9780822210894,paperback,to-read,2022/09/21,"","",0,"",,,,,,,,,"",,"",No
Third Culture Cooking,Zaynab Issa,"",9781419770074,,to-read,2025/08/19,"","",0,"",,,,,,,,,"",,"",No
Flowers for Algernon,Daniel Keyes,"",9780063320222,paperback,read,2022/09/19,2023/10/15,2023/10/12-2023/10/15,1,"challenging, emotional, reflective, sad",,"","","","","",5.0,,"","","",No
Everything is Tuberculosis,John Green,John Green (Narrator),9798217082391,audio,read,2025/09/15,2025/09/22,2025/09/15-2025/09/22,1,"",,,,,,,5.0,"","","","",No
Cultish: The Language of Fanaticism,Amanda Montell,"",9780062993151,hardcover,to-read,2026/02/18,"","",0,"",,,,,,,,,"",,"",No
The House on Mango Street,Sandra Cisneros,"",9780679734772,paperback,to-read,2025/06/17,"","",0,"",,,,,,,,,"",,"",No
Strange Houses,Uketsu,Jim Rion (Translator),9780063433151,paperback,read,2026/03/02,2026/03/02,2026/03/02-2026/03/02,1,"",,"","","","","",5.0,"<div>What a fun read, I enjoyed this more than I thought I would. I know I love looking at floor plan layouts and imagining little stories and even though these people were a little crazy with thier speculations I was so fully onboard with thier conspiracies and theories Imao.<br><br>I was going to give this a 4.75 until the last chapter, that really took it over the edge for me, such a fun read truly. I can't wait to read the rest!</div>","","","",No
The Deserters,Mathias Énard,Charlotte Mandell (Translator),"",paperback,to-read,2026/03/01,"","",0,"",,,,,,,,,"",,2026-booker-longlist,No
West Heart Kill,Dann McDorman,Robert Petkoff (Narrator),9780593788400,audio,to-read,2024/10/15,"","",0,"",,,,,,,,,"",,"",No
The Night Circus,Erin Morgenstern,"",9780385534635,hardcover,to-read,2026/03/02,"","",0,"",,,,,,,,,"",,"",No
The Vanishing Half,Brit Bennett,"",9780525536970,digital,read,2022/09/19,2022/09/25,2022/09/22-2022/09/25,1,"",,"","","","","",4.75,"","","","",No
It's Not Her,Mary Kubica,"",9780778387992,hardcover,to-read,2026/02/01,"","",0,"",,,,,,,,,"",,botm,No
Le Petit Prince,Antoine de Saint-Exupéry,"",,paperback,to-read,2026/01/08,"","",0,"",,,,,,,,,"",,"",No
The Book Eaters,Sunyi Dean,"",9781250810182,hardcover,to-read,2026/02/15,"","",0,"",,,,,,,,,"",,"",No
Ethan Frome,Edith Wharton,Elizabeth Ammons (Contributor),9780142437803,paperback,to-read,2026/02/20,"","",0,"",,,,,,,,,"",,"",No
A Quick Ting On Afrobeats,Christian Adofo,"",9781913090517,hardcover,to-read,2026/01/10,"","",0,"",,,,,,,,,"",,"",No
Normal People,Sally Rooney,"",9781984822178,hardcover,to-read,2022/09/19,"","",0,"",,,,,,,,,"",,"",No
Succeeding with Adult ADHD: Daily Strategies to Help You Achieve Your Goals and Manage Your Life,"Abigail Levrini, Frances Prevatt","",9781433811258,paperback,to-read,2023/08/20,"","",0,"",,,,,,,,,"",,"",No
By Night in Chile,Roberto Bolaño,Chris Andrews (Translator),9780811215473,paperback,to-read,2026/01/10,"","",0,"",,,,,,,,,"",,"",No
The Red-Haired Woman,Orhan Pamuk,"John Lee (Narrator), Katherine Lee McEwan (Narrator)","",audio,read,2022/09/21,2022/10/06,2022/10/03-2022/10/06,1,"",,"","","","","",3.25,"","","","",No
The City and Its Uncertain Walls,Haruki Murakami,"Philip Gabriel (Translator), Brian Nishii (Narrator)",9780593947555,audio,did-not-finish,2025/05/14,"","",0,"",,,,,,,,,"",,"",No
The Wax Child,Olga Ravn,Martin Aitken (Translator),9780811238830,hardcover,to-read,2026/03/01,"","",0,"",,,,,,,,,"",,2026-booker-longlist,No
Pragmatic Thinking and Learning: Refactor Your Wetware,Andrew Hunt,"",9781934356050,paperback,to-read,2022/09/19,"","",0,"",,,,,,,,,"",,"",No
Snow,Orhan Pamuk,Maureen Freely (Translator),0375706860,paperback,to-read,2022/09/21,"","",0,"",,,,,,,,,"",,"",No
In the Dream House,Carmen Maria Machado,Carmen Maria Machado (Narrator),9781684572793,audio,did-not-finish,2025/11/15,"","",0,"",,,,,,,,,"",,"",No
Fourteen Days,"Douglas Preston, Margaret Atwood","Emma Donoghue, Meg Wolitzer, Luis Alberto Urrea, Maria Hinojosa, Angie Cruz, Joseph Cassara, Roxana Robinson, Celeste Ng, Ishmael Reed, Tommy Orange, Diana Gabaldon, Pat Cummings, Tess Gerritsen, R.L. Stine, Mira Jacob, Monique Truong, Charlie Jane Anders, Erica Jong, Mary Pope Osborne, Scott Turow, John Grisham, James Shapiro, Dave Eggers, Nelly Rosario, C.J. Lyons, Sylvia Day, Caroline Randall Williams, Weike Wang, Jennine Capó Crucet, De'Shawn Charles Winslow, Nafissa Thompson-Spires, Rachel Vail, Alice Randall, Hampton Sides",9780358616382,hardcover,to-read,2025/01/11,"","",0,"",,,,,,,,,"",,"",No
Kaikeyi,Vaishnavi Patel,"",9780759557338,hardcover,did-not-finish,2023/05/18,"","",0,"",,,,,,,,,"",,"",No
By Grand Central Station I Sat Down and Wept,Elizabeth Smart,"",9780679738046,paperback,to-read,2024/01/02,"","",0,"",,,,,,,,,"",,"",No
The Sundial,Shirley Jackson,"",9780140083170,paperback,to-read,2026/02/16,"","",0,"",,,,,,,,,"",,"",No
Starstruck,Brenda Hiatt,"",B00FDKBXLM,digital,read,2022/09/30,2023/12/10,2023/12/09-2023/12/10,2,"",,"","","","","",4.5,<div>idk man I know it's not the best book ever written but there's just something between a preteen girl and the book she read over and over that just cannot be explained&nbsp;</div>,"","","",No
Hunger,Choi Jin-young,Soje (Translator),9781840919004,hardcover,to-read,2026/01/10,"","",0,"",,,,,,,,,"",,"",No
Listen for the Lie,Amy Tintera,"",9781250880314,hardcover,to-read,2024/08/16,"","",0,"",,,,,,,,,"",,"",No
A Quiet Place,Seichō Matsumoto,Louise Heal Kawai (Translator),9781908524638,paperback,read,2026/01/04,2026/02/18,2026/02/18-2026/02/18,1,"",,"","","","","",4.5,"<div>Really original I thought, I liked that the writing was very dry and matter of fact. Did not see the ending coming and it did feel like the last few chapters were a bit of a drag after the twist but then another twist happens and it was v satisfying actually. I feel like because it avoided the obvious catches and twists that crime stories have and treated the reader as smart I quite liked it.&nbsp;<br><br>Tbf tho I'm v naive to endings and maybe others could've predicted this a mile away, I for sure did not lol. Kinda reminded me of Perfume: the story of a murderer with the writing style.<br><br>Also very interesting insights about Japanese culture and day to day stuff. Thought this was a fun read and I might have to check out another book by this author cause I've heard they're usually from the detective's perspective.</div>","","","",No
Anxiety: A Philosophical Guide,Samir Chopra,"",9780691210674,hardcover,to-read,2024/12/24,"","",0,"",,,,,,,,,"",,"",No
Never Let Me Go,Kazuo Ishiguro,"","",digital,read,2026/02/26,2026/03/03,2026/02/24-2026/03/03,1,"",,"","","","","",4.25,<div>Slower than my usual pace and took me a while to get through it. I think I wasn't used to this writing that's quite tangential and jumps around a lot but the last part really got me. Quite enjoyed it all in all and I think I have to read Remains of The Day now.</div>,"","","",No
Carrie Soto Is Back,Taylor Jenkins Reid,"",9780593158708,paperback,to-read,2026/02/11,"","",0,"",,,,,,,,,"",,"",No
The Perfect Marriage,Jeneva Rose,"",9781913419653,paperback,read,2023/03/31,2023/04/17,2023/04/16-2023/04/17,1,"",,,,,,,,,"",,"",No
The Engineer's Wife,Tracey Enerson Wood,"",9781492698135,hardcover,to-read,2024/01/12,"","",0,"",,,,,,,,,"",,"",No
The God of Small Things,Arundhati Roy,"",9780679457312,hardcover,to-read,2022/09/21,"","",0,"",,,,,,,,,"",,want-to-buy,No
The Rest of Our Lives,Benjamin Markovits,"",9780571388561,digital,to-read,2026/01/09,"","",0,"",,,,,,,,,"",,"",No
Vita Nostra,"Marina Dyachenko, Sergey Dyachenko",Julia Meitov Hersey (Translator),9780062694591,hardcover,to-read,2026/02/15,"","",0,"",,,,,,,,,"",,"",No
We Were Liars,E. Lockhart,"",9780385741262,hardcover,read,2022/09/19,2022/10/08,2022/10/07-2022/10/08,1,"",,"","","","","",4.5,"","","","",No
Never Have I Ever,Sara Shepard,"",9780061869723,hardcover,read,2025/05/01,2025/05/14,2025/05/01-2025/05/14,1,"",,,,,,,,,"",,"",No
Ghachar Ghochar,"Srinath Perur, Vivek Shanbhag",Vivek Shanbhag (Translator),9789352775057,paperback,read,2026/02/01,2026/02/09,2026/02/09-2026/02/09,1,"",,"","","","","",4.5,"<div>Really fun read, some parts actually had me laughing out loud. Very accu ate characters, especially thier south Indian-ness. The dynamics of the mom, Dad, the one who always stays silent, deaf/blind to everything willingly and the one that dares to ask the question. I thought it was a fun story but I'm not sure what someone that doesn't have all the contexts of a south Indian family would make of this.&nbsp;<br><br>The ending was not at all what I expected. Initially my takeaway was that it was insinuating that &lt;spoiler&gt;Anita would just not come back just like Malati had stayed. But after a bit, the last family conversation really irked me and maybe they're saying that Chikkappa had her killed? She saw something at that window? She asked too many questions about that woman?Chikkappa is talking about having goons around that do this and also talks about all this as if it's completely normal. That would be quite dark and ig I wasn't expecting it to get that dark.&lt;/spoiler&gt;<br><br><br>Another thing I thought was interesting were all the phrases/adages that I could tell were v obviously Kannada, it's almost like I could hear the Telugu counterpart. My mom even confirmed some of them hehe</div>","","","",Yes
Pachinko,Min Jin Lee,"",9781455563913,digital,to-read,2026/02/08,"","",0,"",,,,,,,,,"",,"",No
Daisy Jones & The Six,Taylor Jenkins Reid,"",9781524798628,hardcover,to-read,2024/01/07,"","",0,"",,,,,,,,,"",,"",No
The Second Chance Convenience Store,Kim Ho-yeon,Janet Hong (Translator),9780063354777,paperback,to-read,2026/01/04,"","",0,"",,,,,,,,,"",,"",No
Frankenstein: The 1818 Text,Mary Shelley,"Charlotte Gordon (Contributor), Lord Byron, Charles E. Robinson (Contributor), Mary Wollstonecraft",9780143131847,paperback,to-read,2026/02/13,"","",0,"",,,,,,,,,"",,"",No
The Seven Husbands of Evelyn Hugo,Taylor Jenkins Reid,"",9781501139239,hardcover,read,2022/09/19,2022/12/17,2022/12/14-2022/12/17,1,"",,"","","","","",4.5,"","","","",No
James,Percival Everett,"",9780385550369,hardcover,to-read,2026/01/12,"","",0,"",,,,,,,,,"",,"",No
The Great Believers,Rebecca Makkai,"",9780735223530,paperback,to-read,2026/02/21,"","",0,"",,,,,,,,,"",,"",No
The Space Between Us,Thrity Umrigar,"",9780060791568,paperback,to-read,2025/08/16,"","",0,"",,,,,,,,,"",,"",No
Drive Your Plow Over the Bones of the Dead,Olga Tokarczuk,Antonia Lloyd-Jones (Translator),9780525541332,hardcover,to-read,2026/01/07,"","",0,"",,,,,,,,,"",,"",No
Talking to My Daughter About the Economy: A Brief History of Capitalism,Yanis Varoufakis,Jacob Moe (Translator),9781847924445,hardcover,read,2022/09/19,2024,2024,1,"",,,,,,,,,"",,"",Yes
Exhalation,Ted Chiang,"",9781101947906,digital,read,2026/02/23,2026/03/09,2026/02/21-2026/03/09,1,"",,"","","","","",5.0,"<div>Easy 5 stars, this is my kinda existential sci-fi shit. I took my time with this one and I would highly recommend that you do too. My head is spinning with all these stories and I want to discuss each one ad nauseam until I exhaust every thought, theory and speculation.</div>","","","",No
What Kind of Paradise,Janelle Brown,"",9780593449783,hardcover,to-read,2026/02/01,"","",0,"",,,,,,,,,"",,botm,Yes
Bad Nature: A Novel,Ariel Courage,Cia Court (Narrator),9781250386809,audio,did-not-finish,2026/02/11,"","",0,"",,,,,,,,"<div>The beginning was really good but I'm actually so bored by the roadtrip. Things are just happening but it feels to me like apart from actually making distance, were not really going forward with the plot. The premise was so interesting but 45% in and not motivated to finish it :(</div>","","","",No
The True Happiness Company: A Memoir,Veena Dinavahi,"",9780593447659,hardcover,to-read,2026/03/02,"","",0,"",,,,,,,,,"",,"",No
IQ84,Haruki Murakami,"","",paperback,to-read,2024/08/15,"","",0,"",,,,,,,,,"",,"",No
Strange Pictures,Uketsu,Jim Rion (Translator),9780063433083,paperback,to-read,2025/08/16,"","",0,"",,,,,,,,,"",,"",No
The Fate of Mary Rose,Caroline Blackwood,"",9780349019048,paperback,to-read,2026/02/16,"","",0,"",,,,,,,,,"",,"",No
The Fountainhead,Ayn Rand,"",9780452273337,paperback,to-read,2026/03/23,"","",0,"",,,,,,,,,"",,"",No
"Die, My Love",Ariana Harwicz,"Sarah Moses (Translator), Carolina Orloff (Translator)",9781999722784,paperback,to-read,2025/05/02,"","",0,"",,,,,,,,,"",,"",No
No One Is Talking About This,Patricia Lockwood,Kristen Sieh (Narrator),9780593395240,audio,read,2026/03/22,2026/03/23,2026/03/22-2026/03/23,1,"",,"","","","","",3.75,"","","","",No
The Years,Annie Ernaux,Alison L. Strayer (Translator),9781910695784,paperback,to-read,2026/02/20,"","",0,"",,,,,,,,,"",,"",No
Conversations with Friends,Sally Rooney,"",9780451499066,paperback,read,2022/09/19,2022/08/11,2022/08/11,1,"",,"","","","","",4.0,"","","","",No
If Cats Disappeared From The World,Genki Kawamura,Eric Selland (Translator),9781509889174,paperback,to-read,2026/01/06,"","",0,"",,,,,,,,,"",,"",No
The Blind Assassin,Margaret Atwood,"",9781860498800,paperback,to-read,2024/09/10,"","",0,"",,,,,,,,,"",,"",No
In Her Defense,Philippa Malicka,"",9781668033647,digital,to-read,2026/03/20,"","",0,"",,,,,,,,,"",,"",No
Misery,Stephen King,"",9781501143106,paperback,to-read,2026/01/25,"","",0,"",,,,,,,,,"",,"",No
"Tomorrow, and Tomorrow, and Tomorrow",Gabrielle Zevin,"",9780593321201,hardcover,to-read,2022/09/19,"","",0,"",,,,,,,,,"",,"",Yes
The Giver,Lois Lowry,"",9780385732550,paperback,read,2022/12/17,2022/12/19,2022/12/17-2022/12/19,1,"",,,,,,,,,"",,"",No
The Unexpected Joy of the Ordinary,Catherine Gray,"",9781783253371,hardcover,to-read,2022/09/19,"","",0,"",,,,,,,,,"",,"",No
"My Child, the Algorithm: An Alternatively Intelligent Book of Love",Hannah Silva,"",9781593767808,paperback,to-read,2024/10/07,"","",0,"",,,,,,,,,"",,"",No
We Are the Weather: Saving the Planet Begins at Breakfast,Jonathan Safran Foer,"",9780374280000,hardcover,read,2022/09/19,"","",2,"",,,,,,,,,"",,"",No
Talking at Night,Claire Daverley,"",9780593653487,hardcover,to-read,2025/10/27,"","",0,"",,,,,,,,,"",,"",No
This Thing Between Us,Gus Moreno,"",9780374539238,paperback,to-read,2026/02/13,"","",0,"",,,,,,,,,"",,"",No
This Must Be the Place,Maggie O'Farrell,"",9780385349437,digital,to-read,2026/02/11,"","",0,"",,,,,,,,,"",,"",No
Just Kids,Patti Smith,"",9780066211312,hardcover,read,2024/01/07,"","",1,"",,,,,,,,,"",,"",No
Phase One: Captain America: The First Avenger,Alex Irvine,"",,hardcover,read,2025/10/22,2025/10/26,2025/10/22-2025/10/26,1,"",,"","","","","",4.75,,"","","",No
The Spy and the Traitor: The Greatest Espionage Story of the Cold War,Ben Macintyre,"",9780771060335,hardcover,to-read,2026/03/09,"","",0,"",,,,,,,,,"",,"",No
The Midnight Library,Matt Haig,"",9780525559474,hardcover,read,2023/06/16,2023/06/27,2023/06/16-2023/06/27,1,"",,,,,,,,,"",,"",No
A Discovery of Witches,Deborah Harkness,"",9780670022410,hardcover,to-read,2026/03/02,"","",0,"",,,,,,,,,"",,"",No
The Book Thief,Markus Zusak,"",9780375831003,hardcover,to-read,2022/09/26,"","",0,"",,,,,,,,,"",,"",No
Água Viva,Clarice Lispector,"Stefan Tobler (Translator), Benjamin Moser (Contributor)",9780811219907,paperback,to-read,2026/01/28,"","",0,"",,,,,,,,,"",,"",No
"Why Fish Don't Exist: A Story of Loss, Love, and the Hidden Order of Life",Lulu Miller,Kate Samworth (Illustrator),9781501160349,paperback,did-not-finish,2022/09/19,"","",0,"",,,,,,,,,"",,"",No
The Wedding People,Alison Espach,"",9781250899569,digital,read,2025/08/17,"","",1,"",,,,,,,,,"",,"",No
Universality,Natasha Brown,"",9780571393824,hardcover,to-read,2026/01/09,"","",0,"",,,,,,,,,"",,"",No
The Brothers Karamazov,Fyodor Dostoevsky,"Richard Pevear (Translator), Larissa Volokhonsky (Translator)",9780374528379,paperback,to-read,2026/01/18,"","",0,"",,,,,,,,,"",,"",No
Tell the Machine Goodnight,Katie Williams,"",9780525533122,hardcover,to-read,2022/09/27,"","",0,"",,,,,,,,,"",,"",No
On Earth as It Is Beneath,Ana Paula Maia,Padma Viswanathan (Translator),9781917260107,paperback,to-read,2026/03/01,"","",0,"",,,,,,,,,"",,2026-booker-longlist,No
Autumn,Ali Smith,"",9780241207000,hardcover,to-read,2024/08/17,"","",0,"",,,,,,,,,"",,"",No
The Night Guest,Hildur Knútsdóttir,Mary Robinette Kowal (Narrator),9781250332653,audio,read,2026/02/03,2026/02/03,2026/02/03-2026/02/03,1,"",,"","","","","",4.0,<div>4 stars for the very tense atmosphere and the premise being so wildly interesting. &lt;spoiler&gt;little sad tho that the ending was ambiguous&lt;/spoiler&gt;. I was a tiny bit annoyed with the very small chapters. A lot of them were like a single sentence long. There's 100 chapters in this book and it's only 200 pages lol. My favorite part was all the Icelandic cat names. &lt;spoiler&gt;my not so fav part is what happens to those cats afterwards.&lt;/spoiler&gt;</div>,"","","",No
Sunrise on the Reaping,Suzanne Collins,"",9781546171461,hardcover,read,2025/05/02,"","",1,"",,,,,,,,,"",,"",No
Factfulness: Ten Reasons We're Wrong About the World – and Why Things Are Better Than You Think,Hans Rosling,"Anna Rosling Rönnlund, Ola Rosling",9781473637467,hardcover,did-not-finish,2022/09/19,"","",0,"",,,,,,,,,"",,"",No
Blue Ticket,Sophie Mackintosh,"",9780385545631,hardcover,to-read,2026/01/10,"","",0,"",,,,,,,,,"",,"",No
The Fifth Hour,Rahul Jain,"",9361856189,paperback,to-read,2025/12/07,"","",0,"",,,,,,,,,"",,"",No
The Missing Half,Ashley Flowers,"Ashley Flowers (Narrator), Saskia Maarleveld (Narrator), Alex Kiester (Contributor)",9798217065400,audio,read,2026/02/20,2026/02/22,2026/02/20-2026/02/22,1,"",,"","","","","",3.0,"<div>First 70% was good, so mysterious and really kept me interested but the ending just felt so exaggerated and unrealistic. I guess once I realized it was THE Ashley Flowers I kinda expected more so maybe it was that. But genuinely the ending ruined it for me.</div>","","","",No
Brother,David Chariandy,"",9781635573541,paperback,to-read,2026/02/15,"","",0,"",,,,,,,,,"",,"",No
A Gentle Reminder,Bianca Sparacino,"",9781949759297,paperback,to-read,2022/09/19,"","",0,"",,,,,,,,,"",,"",No
Mother Mary Comes To Me,Arundhati Roy,"",9781405978484,digital,read,2026/01/12,2026/04/01,2026/03/11-2026/04/01,1,"",,,,,,,5.0,"<div>Very poetic and heartbreaking to have finished this today. Goodbye to Mother Mary and Ammamma. You deserve to rest now, I hope the pain is over.</div>","","",buddy-read,No
The Color Purple,Alice Walker,"",9780143135692,paperback,to-read,2024/01/07,"","",0,"",,,,,,,,,"",,"",No
The Singularity,Dino Buzzati,Anne Milano Appel (Translator),9781681378008,paperback,to-read,2026/03/01,"","",0,"",,,,,,,,,"",,"",No
The Invisible Life of Addie LaRue,V.E. Schwab,Julia Whelan (Narrator),9781250777959,audio,read,2024/09/16,2024/09/26,2024/09/16-2024/09/26,1,"",,"","","","","",5.0,,"","","",No
The Ministry of Time,Kaliane Bradley,"",9781399726344,hardcover,to-read,2024/08/30,"","",0,"",,,,,,,,,"",,"",No
The Night in Question,Tobias Wolff,"",9780679402183,hardcover,to-read,2022/10/07,"","",0,"",,,,,,,,,"",,"",No
She Who Remains,Rene Karabash,Izidora Angel (Translator),9781916806184,paperback,to-read,2026/03/01,"","",0,"",,,,,,,,,"",,2026-booker-longlist,No
Cloud Cuckoo Land,Anthony Doerr,"",9781982168438,hardcover,to-read,2024/06/17,"","",0,"",,,,,,,,,"",,want-to-buy,No
How to Keep House While Drowning: A Gentle Approach to Cleaning and Organizing,KC Davis,"",9781668002841,hardcover,to-read,2026/02/15,"","",0,"",,,,,,,,,"",,"",No
The Lying Game,Sara Shepard,"",9780061869709,hardcover,read,2025/04/24,2025/04/30,"2025/04/24-2025/04/30, 2012",2,"",,"","","","","",3.75,"","","","",No
Becoming Bangalore,Roopa Pai,"",9789357316217,paperback,to-read,2026/01/07,"","",0,"",,,,,,,,,"",,"",No
The Missing Half,Ashley Flowers,Alex Kiester (Contributor),9780593726983,hardcover,to-read,2026/02/19,"","",0,"",,,,,,,,,"",,"",No
How High We Go in the Dark,Sequoia Nagamatsu,"",9780063072640,hardcover,to-read,2022/09/19,"","",0,"",,,,,,,,,"",,"",No
Listen for the Lie,Amy Tintera,"January LaVoy (Narrator), Will Damron (Narrator)",9781250332103,audio,did-not-finish,2026/03/13,"","",0,"",,,,,,,,,"",,"",No
Broadway: A History of New York City in Thirteen Miles,Fran Leadon,"",9780393240108,hardcover,to-read,2024/04/29,"","",0,"",,,,,,,,,"",,"",No
The Vegetarian,Han Kang,"Stephen Park (Narrator), Deborah Smith (Translator), Janet Song (Narrator)",9780399566998,audio,read,2025/01/24,2026/01/08,2026/01/07-2026/01/08,1,"",,"","","","","",3.5,"<div>was a bit scary and low-key reminded me of Sister Midnight. This book was v graphic at times and although I found her Yeong-Hos character interesting, I was mostly kinda scarred cause this kinda hit home. I'm also absolutely APPALLED by all the men in this book.</div>","","","",No
I Feel Bad About My Neck: And Other Thoughts on Being a Woman,Nora Ephron,"",9780307264558,hardcover,read,2022/09/26,2022/09/26,2022/09/25-2022/09/26,1,"",,,,,,,,,"",,"",No
"In Other Rooms, Other Wonders",Daniyal Mueenuddin,"",9780393068009,hardcover,to-read,2023/12/23,"","",0,"",,,,,,,,,"",,"",No
The Adult ADHD Tool Kit: Using CBT to Facilitate Coping Inside and Out,"J. Russell Ramsay, Anthony L. Rostain","",9780415815895,paperback,to-read,2025/01/14,"","",0,"",,,,,,,,,"",,"",No
Killers of the Flower Moon: The Osage Murders and the Birth of the FBI,David Grann,"",9780385534253,digital,to-read,2025/01/14,"","",0,"",,,,,,,,,"",,for-book-club,No
Lie with Me,Philippe Besson,Molly Ringwald (Translator),9781501197871,hardcover,to-read,2026/02/19,"","",0,"",,,,,,,,,"",,"",No
Mad About You,Mhairi McFarlane,"",9780008412456,paperback,to-read,2023/03/31,"","",0,"",,,,,,,,,"",,"",No
All the Lovers in the Night,Mieko Kawakami,"David Boyd (Translator), Sam Bett (Translator)",9781609456993,hardcover,to-read,2026/01/04,"","",0,"",,,,,,,,,"",,"",No
If We Were Villains,M.L. Rio,"",9781250095282,hardcover,read,2023/10/15,2024/09/07,2024/09/02-2024/09/07,1,"dark, mysterious",fast,"","","","","",4.0,"","","","",No
We Should All Be Feminists,Chimamanda Ngozi Adichie,"",9781101872932,digital,read,2022/09/19,2022,2022,1,"",,,,,,,5.0,"","","","",Yes
Half-Arse Human,Leena Norms,"",9781399820318,digital,to-read,2024/10/08,"","",0,"",,,,,,,,,"",,"",No
The Seven Moons of Maali Almeida,Shehan Karunatilaka,Shivantha Wijesinha (Narrator),9781038629166,audio,did-not-finish,2025/01/07,"","",0,"",,,,,,,,,"",,"",No
Bad Nature,Ariel Courage,"",9781250360885,hardcover,to-read,2026/02/08,"","",0,"",,,,,,,,,"",,"",No
Days at the Morisaki Bookshop,Satoshi Yagisawa,"Susan Momoko Hingley (Narrator), Eric Ozawa (Translator)",9780063278691,audio,read,2024/10/12,2024/10/15,2024/10/12-2024/10/15,1,"adventurous, reflective",medium,"","","","","",4.25,"","","","",No
Katabasis,R.F. Kuang,"",9780063021471,hardcover,to-read,2026/01/09,"","",0,"",,,,,,,,,"",,"",Yes
Starbound,Brenda Hiatt,"",,digital,read,2022/09/30,"","",1,"",,,,,,,,,"",,"",No
Four Thousand Weeks: Time Management for Mortals,Oliver Burkeman,"",9780374159122,hardcover,did-not-finish,2022/09/19,"","",0,"",,,,,,,,,"",,"",No
The Secret History,Donna Tartt,"",9781400031702,paperback,did-not-finish,2022/09/19,"","",0,"",,,,,,,,,"",,"",Yes
Invisible Cities,Italo Calvino,William Weaver (Translator),9780156453806,paperback,to-read,2026/02/20,"","",0,"",,,,,,,,,"",,"",No
Eleanor & Park,Rainbow Rowell,"",9781250012579,hardcover,read,2025/05/13,2025/05/19,"2025/05/13-2025/05/19, 2018",2,"",,"","","","","",4.5,"","","","",Yes
The Buffalo Hunter Hunter,Stephen Graham Jones,"",9781668075081,hardcover,to-read,2026/03/26,"","",0,"",,,,,,,,,"",,"",No
The Djinn Waits a Hundred Years,Shubnum Khan,"",9780593653456,hardcover,to-read,2024/04/10,"","",0,"",,,,,,,,,"",,"",No
Duck Feet,Ely Percy,"","",paperback,to-read,2026/02/11,"","",0,"",,,,,,,,,"",,"",No
Flights,Olga Tokarczuk,Jennifer Croft (Translator),9780525534198,hardcover,to-read,2026/02/14,"","",0,"",,,,,,,,,"",,"",No
Martyr!,Kaveh Akbar,"",9780593537619,hardcover,to-read,2026/01/17,"","",0,"",,,,,,,,,"",,"",Yes
We Are Green and Trembling,Gabriela Cabezón Cámara,Robin Myers (Translator),9780811238618,paperback,to-read,2026/03/01,"","",0,"",,,,,,,,,"",,2026-booker-longlist,No
The Crash,Freida McFadden,Leslie Howard (Narrator),9781666684919,audio,read,2025/07/08,2025/07/08,2025/07/03-2025/07/08,1,"",,"","","","","",3.75,"","","","",No
The Reader,Bernhard Schlink,Carol Brown Janeway,9780375408267,hardcover,to-read,2024/06/15,"","",0,"",,,,,,,,,"",,"",No
Of Mice and Men,John Steinbeck,"",9780141023571,paperback,read,2026/03/01,2026/03/01,2026/03/01-2026/03/01,1,"",,"","","","","",4.75,<div>The writing was beautiful without being overly descriptive. Man what a sad Sunday because of this read but I'm looking forward to reading East of Eden now. This was so short but the characters still felt so real and whole and I want to see what Steinbeck does with his characters when he has more pages.</div>,"","","",Yes
Exhalation,Ted Chiang,"",9781101947883,hardcover,to-read,2026/02/13,"","",0,"",,,,,,,,,"",,"",No
The Southern Book Club's Guide to Slaying Vampires,Grady Hendrix,Bahni Turpin (Narrator),9781094136950,audio,read,2025/04/10,2025/04/21,2025/04/08-2025/04/21,1,"adventurous, dark",medium,"","","","","",3.0,"","","","",No
Thinking in Bets: Making Smarter Decisions When You Don't Have All the Facts,Annie Duke,"",9780735216358,hardcover,read,2024/05/24,2024/05/24,2024/05/20-2024/05/24,1,"",,,,,,,,,"",,"",No
Rest: Why You Get More Done When You Work Less,Alex Soojung-Kim Pang,"",9780465074877,hardcover,to-read,2024/12/30,"","",0,"",,,,,,,,,"",,"",No
"A Swim in a Pond in the Rain: In Which Four Russians Give a Master Class on Writing, Reading, and Life",George Saunders,"",9781984856029,hardcover,paused,2026/01/04,"","",0,"",,,,,,,,,"",,"",No
Writers & Lovers,Lily King,"",9780802148537,hardcover,to-read,2022/09/19,"","",0,"",,,,,,,,,"",,"",No
Sourdough,Robin Sloan,"",9780374203108,hardcover,"","","","","","","","","","","","","","","","","",Yes
Nexus: A Brief History of Information Networks from the Stone Age to AI,Yuval Noah Harari,"",9781911717089,hardcover,"","","","","","","","","","","","","","","","","",Yes
Nexus: A Brief History of Information Networks from the Stone Age to AI,Yuval Noah Harari,"",9780593734223,hardcover,"","","","","","","","","","","","","","","","","",Yes
The Invisible Life of Addie LaRue,V.E. Schwab,"",9781789098754,paperback,"","","","","","","","","","","","","","","","","",Yes
Money: A User's Guide,Laura Whateley,"",9780008420321,digital,"","","","","","","","","","","","","","","","","",Yes
Remarkably Bright Creatures,Shelby Van Pelt,"",9781526649676,paperback,"","","","","","","","","","","","","","","","","",Yes
Short Stories in French for Beginners,Olly Richards,"",9781473683440,digital,"","","","","","","","","","","","","","","","","",Yes
The Odyssey,Homer,Robert Fagles (Translator),9780143039952,paperback,"","","","","","","","","","","","","","","","","",Yes
"Tuesdays with Morrie: An Old Man, a Young Man and Life's Greatest Lesson",Mitch Albom,"",9780751527377,paperback,"","","","","","","","","","","","","","","","","",Yes
The Brooklyn Follies,Paul Auster,"",9780312426231,paperback,"","","","","","","","","","","","","","","","","",Yes
An Elephant in the Garden,Michael Morpurgo,"",9780312593698,hardcover,"","","","","","","","","","","","","","","","","",Yes
